row_{0}_chr{9}_start{133748283}_end{133748283}_ref{C}_alt{T}	0.002	0.999	0.9890000000000001	0.0	1.0	0.4792985874330248	0.5634956759217115	0.38280166435506247	0.963963963963964	0.7761301280376274	0.9166643517875497	0.9989626556016599	0.9670000000000001	0.3116343490304709	0.314	0.8416666666666668	0.0	0.9929615592853276	0.9669092169092168	0.969205645631634	0.992	0.992	0.7000143122942608	0	0	1	0	0	1	0	0	0	1	0	0	0	0	1	0	0	1	0	0	0	1	0	0	0	0	1	0	0	0	1	0	0	0	1	0	0	0	1	0	0	0	1	0	0	0	1	0
row_{1}_chr{14}_start{105246551}_end{105246551}_ref{C}_alt{T}	0.01	1.0	1.0	0.0	1.0	0.6361422308816366	0.617660446062813	0.4812760055478502	0.8838838838838838	0.7562712307290306	0.8611072529792493	0.9989626556016599	0.995	0.2340720221606648	0.222	0.8416666666666668	0.0	0.9155387114239307	0.9669092169092168	0.9595240872506705	0.858	0.955	0.5781093459281523	0	0	0	1	0	1	0	0	0	1	0	0	0	0	1	0	0	1	0	0	0	1	0	0	0	0	1	0	0	0	1	0	0	0	0	1	0	0	1	0	0	0	1	0	0	0	1	0
row_{2}_chr{7}_start{140453136}_end{140453136}_ref{A}_alt{T}	0.001	0.971	0.943	0.0	1.0	0.5528494885533366	0.4947655894401457	0.4262598243180767	0.966966966966967	0.76332636529919	0.8888858023833994	0.9844398340248962	0.985	0.19009695290858725	0.236	0.7749999999999999	0.0	0.9718462371413105	1.0	0.9993001283098099	1.0	1.0	0.5694146271647345	0	0	1	0	0	0	1	0	0	0	1	0	0	0	1	0	0	1	0	0	0	1	0	0	0	0	1	0	0	0	1	0	0	0	0	1	0	0	1	0	0	0	1	0	0	0	1	0
row_{3}_chr{7}_start{55249071}_end{55249071}_ref{C}_alt{T}	0.003	1.0	1.0	0.0	1.0	0.5382367267413541	0.5753299954483387	0.40591770688858075	0.9229229229229229	0.8104912464071075	0.9444429011916998	0.9989626556016599	0.941	0.29432132963988916	0.317	0.7773809523809524	0.0	0.9864645370871684	0.9669092169092168	0.969205645631634	0.982	0.986	0.6745742092457422	0	0	1	0	0	1	0	0	0	0	1	0	0	0	1	0	0	1	0	0	0	1	0	0	0	0	1	0	0	1	0	0	0	0	0	1	0	0	1	0	0	0	1	0	0	0	1	0
row_{4}_chr{7}_start{55259524}_end{55259524}_ref{T}_alt{A}	0.009	0.999	0.973	0.0	1.0	0.495859717486605	0.49203459262630866	0.4026814609338882	0.9159159159159158	0.7488241442383068	0.8249951387538542	0.9937759336099586	0.981	0.5401662049861496	0.571	0.8821428571428571	0.0	0.9810503519220358	0.9876992376992376	0.9839029511256268	0.997	0.98	0.5362101044797482	0	0	1	0	0	1	0	0	0	0	1	0	0	0	1	0	0	1	0	0	0	1	0	0	0	0	1	0	0	0	1	0	0	0	0	1	0	0	1	0	0	0	1	0	0	0	1	0
row_{5}_chr{7}_start{55249005}_end{55249005}_ref{G}_alt{T}	0.002	1.0	0.9990000000000001	0.0	1.0	0.6186069167072576	0.4870277651342741	0.4234858992140546	0.8448448448448448	0.7307290305722498	0.788883024528459	0.995850622406639	0.987	0.6132271468144044	0.698	0.7773809523809524	0.0	0.9826746074715755	0.9748787248787248	0.9823865624635484	0.9990000000000001	0.992	0.6693860025762131	0	0	1	0	0	1	0	0	0	0	1	0	0	0	1	0	0	1	0	0	0	1	0	0	0	0	1	0	0	0	1	0	0	0	0	1	0	0	0	1	0	0	1	0	0	0	1	0
row_{6}_chr{7}_start{148508727}_end{148508727}_ref{T}_alt{A}	0.006	0.999	0.9740000000000001	0.0	1.0	0.7559668777398928	0.47792444242148385	0.4854368932038835	0.6336336336336337	0.763391690619284	0.8888858023833994	0.9865145228215767	0.988	0.8147506925207756	0.902	0.8416666666666668	0.0	0.9707634001082838	0.9876992376992376	0.9839029511256268	1.0	1.0	0.5671604408186632	0	0	1	0	0	1	0	0	0	0	1	0	0	0	1	0	0	1	0	0	0	1	0	0	0	0	1	0	0	0	1	0	0	0	0	1	0	0	0	1	0	0	1	0	0	0	1	0
row_{7}_chr{7}_start{148508728}_end{148508728}_ref{A}_alt{G}	0.0	1.0	0.991	0.0	1.0	0.8728689722357525	0.4742831133363678	0.447988904299584	0.955955955955956	0.7699895479487849	0.8888858023833994	0.9979253112033195	0.992	0.8376038781163435	0.945	0.8416666666666668	0.0	0.9648077964266378	1.0	1.0	1.0	1.0	0.5602547588378417	0	0	1	0	0	1	0	0	0	0	1	0	0	0	1	0	0	1	0	0	0	1	0	0	0	0	1	0	0	0	1	0	0	0	0	1	0	0	0	1	0	0	1	0	0	0	1	0
row_{8}_chr{7}_start{148508728}_end{148508728}_ref{A}_alt{T}	0.0	0.999	0.982	0.0	1.0	0.8728689722357525	0.4742831133363678	0.28941285251964866	0.8958958958958958	0.7712960543506664	0.8888858023833994	0.9844398340248962	0.992	0.8376038781163435	0.944	0.8416666666666668	0.0	0.9648077964266378	1.0	1.0	1.0	1.0	0.5602547588378417	0	0	1	0	0	1	0	0	0	0	1	0	0	0	1	0	0	1	0	0	0	1	0	0	0	0	1	0	0	0	1	0	0	0	0	1	0	0	0	1	0	0	1	0	0	0	1	0
row_{9}_chr{7}_start{148508727}_end{148508727}_ref{T}_alt{G}	0.016	0.993	0.7	0.0	1.0	0.8728689722357525	0.4761037778789259	0.28802588996763756	0.991991991991992	0.7665926313038933	0.8888858023833994	0.9906639004149378	0.9890000000000001	0.8310249307479224	0.923	0.8416666666666668	0.0	0.9707634001082838	0.9876992376992376	0.9839029511256268	1.0	1.0	0.5671604408186632	0	0	1	0	0	1	0	0	0	0	1	0	0	0	1	0	0	1	0	0	0	1	0	0	0	0	1	0	0	0	1	0	0	0	0	1	0	0	0	1	0	0	1	0	0	0	1	0
row_{10}_chr{4}_start{1803564}_end{1803564}_ref{C}_alt{T}	0.05	1.0	0.9990000000000001	0.0	1.0	0.814905017048222	0.5020482476103779	0.337956541840037	0.8718718718718719	0.7494773974392474	0.8249951387538542	0.9989626556016599	0.847	0.7808171745152355	0.799	0.8285714285714285	0.0	0.8283703302652952	0.805959805959806	0.9442435553481859	0.938	0.935	0.48525833691140685	0	0	1	0	0	1	0	0	0	1	0	0	0	0	1	0	0	1	0	0	0	1	0	0	0	0	1	0	0	0	1	0	0	0	0	1	0	0	1	0	0	0	1	0	0	0	1	0
row_{11}_chr{4}_start{1803568}_end{1803568}_ref{C}_alt{G}	0.045	1.0	0.9940000000000001	0.0	1.0	0.7462250365319045	0.5043240782885754	0.454461396208969	0.8768768768768769	0.5624510060099294	0.6416567126864635	0.987551867219917	0.9620000000000001	0.7326869806094184	0.771	0.8285714285714285	0.0	0.8792636708175421	0.9669092169092168	0.9442435553481859	0.991	0.928	0.582116788321168	0	0	1	0	0	1	0	0	0	1	0	0	0	0	1	0	0	1	0	0	0	1	0	0	0	0	1	0	0	0	1	0	0	0	0	1	0	0	1	0	0	0	1	0	0	0	1	0
row_{12}_chr{4}_start{1806099}_end{1806099}_ref{A}_alt{G}	0.003	0.999	0.978	0.008	1.0	0.6770579639551876	0.457441966317706	0.3698566805362922	0.9159159159159158	0.5546772929187352	0.6388788577460485	0.9927385892116183	0.9790000000000001	0.7094875346260388	0.782	0.8285714285714285	0.0	0.7704385489983758	0.8232848232848232	0.9994167735915082	0.9440000000000001	0.948	0.3208816373264634	0	0	1	0	0	0	1	0	0	1	0	0	0	0	1	0	0	1	0	0	0	1	0	0	0	0	1	0	0	0	1	0	0	0	0	1	0	0	1	0	0	0	1	0	0	0	1	0
row_{13}_chr{9}_start{5073770}_end{5073770}_ref{G}_alt{T}	0.002	0.996	0.934	0.0	1.0	0.6190940087676571	0.4874829312699136	0.4687933425797504	0.9399399399399399	0.7784818395610138	0.9166643517875497	0.9948132780082988	0.945	0.6090720221606648	0.681	0.7773809523809524	0.0	0.9642663779101247	0.9748787248787248	0.9744546833080601	1.0	1.0	0.693716902819522	0	0	1	0	0	0	1	0	0	0	1	0	0	0	1	0	0	1	0	0	0	1	0	0	0	1	0	0	0	0	1	0	0	0	0	1	0	0	0	1	0	0	1	0	0	0	1	0
row_{14}_chr{4}_start{55602664}_end{55602664}_ref{G}_alt{C}	0.002	0.992	0.8690000000000001	0.001	1.0	0.4515343399902582	0.45061447428311335	0.45538603791030974	0.9679679679679679	0.6918604651162792	0.7333259257201588	0.9979253112033195	0.988	0.532202216066482	0.643	0.8416666666666668	0.0	0.9745533297238766	0.9748787248787248	0.9823865624635484	0.703	0.142	0.6952912551882068	0	0	1	0	0	0	1	0	0	1	0	0	0	0	1	0	0	1	0	0	0	1	0	0	0	0	1	0	0	0	1	0	0	0	1	0	0	0	1	0	0	0	1	0	0	0	1	0
row_{15}_chr{4}_start{55595519}_end{55595519}_ref{C}_alt{T}	0.0	1.0	1.0	0.0	1.0	0.5012177301509986	0.4492489758761949	0.39251040221914013	0.953953953953954	0.7839691664489157	0.9166643517875497	0.9989626556016599	0.9890000000000001	0.6592797783933518	0.736	0.8404761904761905	0.0	0.9870059556036818	0.9669092169092168	0.969205645631634	0.9990000000000001	0.983	0.7269572062401602	0	0	1	0	0	0	1	0	0	1	0	0	0	0	1	0	0	1	0	0	0	1	0	0	0	0	1	0	0	0	1	0	0	0	1	0	0	0	1	0	0	0	1	0	0	0	1	0
row_{16}_chr{4}_start{55594258}_end{55594258}_ref{T}_alt{C}	0.021	0.789	0.741	0.0	1.0	0.6468582562104238	0.4228493400091034	0.47711511789181693	0.8578578578578578	0.7017899137705775	0.7444373454818188	0.9989626556016599	0.953	0.7392659279778393	0.836	0.8404761904761905	0.0	0.9940443963183542	0.9876992376992376	0.9839029511256268	0.997	0.995	0.5936024044654359	0	0	1	0	0	0	1	0	0	1	0	0	0	0	1	0	0	1	0	0	0	1	0	0	0	0	1	0	0	0	1	0	0	0	0	1	0	0	0	1	0	0	1	0	0	0	1	0
row_{17}_chr{4}_start{55599341}_end{55599341}_ref{T}_alt{G}	0.0	1.0	1.0	0.0	1.0	0.6293229420360449	0.47974510696404193	0.25658807212205276	0.9769769769769769	0.7816827802456233	0.9166643517875497	0.9885892116182574	0.998	0.6596260387811634	0.728	0.8416666666666668	0.0	0.9621007038440715	0.9876992376992376	0.9780706870407091	1.0	1.0	0.5556748246743953	0	0	1	0	0	0	1	0	0	1	0	0	0	0	1	0	0	1	0	0	0	1	0	0	0	0	1	0	0	0	1	0	0	0	1	0	0	0	0	1	0	0	1	0	0	0	1	0
row_{18}_chr{4}_start{55599321}_end{55599321}_ref{A}_alt{T}	0.0	0.998	0.961	0.0	1.0	0.48563078421821726	0.485207100591716	0.2991215903837263	0.98998998998999	0.754768748366867	0.8611072529792493	0.9937759336099586	0.991	0.5609418282548476	0.562	0.8416666666666668	0.0	0.9702219815917706	1.0	0.993117928379797	1.0	1.0	0.5651209388865035	0	0	1	0	0	0	1	0	0	1	0	0	0	0	1	0	0	1	0	0	0	1	0	0	0	0	1	0	0	1	0	0	0	0	0	1	0	0	1	0	0	0	1	0	0	0	1	0
row_{19}_chr{12}_start{25398285}_end{25398285}_ref{C}_alt{A}	0.02	1.0	0.993	0.0	1.0	0.7296639064783244	0.5079654073736914	0.32408691631992603	0.9049049049049049	0.7877580350143717	0.9166643517875497	0.9968879668049793	0.9840000000000001	0.6457756232686981	0.701	0.8714285714285714	0.0	0.9734704926908501	0.9669092169092168	0.9673393211244604	1.0	1.0	0.6566838414197796	0	0	1	0	0	0	1	0	0	0	1	0	0	0	1	0	0	1	0	0	0	1	0	0	0	0	1	0	0	0	1	0	0	0	0	1	0	0	1	0	0	0	1	0	0	0	1	0
row_{20}_chr{4}_start{55152093}_end{55152093}_ref{A}_alt{T}	0.001	1.0	1.0	0.005	1.0	0.48270823185582074	0.485207100591716	0.3351826167360148	0.9819819819819819	0.7574470864907238	0.8611072529792493	0.9948132780082988	0.993	0.5477839335180055	0.568	0.7119047619047619	0.0	0.9826746074715755	1.0	0.9870523737314825	1.0	1.0	0.580685558895091	0	0	1	0	0	0	1	0	0	1	0	0	0	0	1	0	0	1	0	0	0	1	0	0	0	0	1	0	0	0	1	0	0	0	1	0	0	0	1	0	0	0	1	0	0	0	1	0
row_{21}_chr{4}_start{55152092}_end{55152092}_ref{G}_alt{T}	0.011	1.0	1.0	0.005	1.0	0.5168046760837799	0.484296768320437	0.337956541840037	0.966966966966967	0.8005617977528089	0.9444429011916998	0.995850622406639	0.9940000000000001	0.5560941828254847	0.625	0.7119047619047619	0.0	0.9929615592853276	0.9748787248787248	0.9823865624635484	1.0	1.0	0.7356519250035781	0	0	1	0	0	0	1	0	0	1	0	0	0	0	1	0	0	1	0	0	0	1	0	0	0	0	1	0	0	0	1	0	0	0	0	1	0	0	1	0	0	0	1	0	0	0	1	0
